language,app_name,short_description,full_description
en-US,Dosely: GLP-1 & Dose Tracker,"Private GLP-1 injection, pen stock & weight tracking with an on-device AI coach.","Dosely is a private companion for your GLP-1 journey — injections, pen stock, weight and an AI coach, all on your phone.

INJECTION TRACKING
• Log doses in seconds: medication, dose (mg), injection site and notes
• Titration-aware schedule suggestions for semaglutide, tirzepatide, dulaglutide, liraglutide and CagriSema
• Skip missed doses and keep your schedule accurate

PEN STOCK & RE-UP REMINDERS
• A pen is deducted automatically with each injection
• Low-stock and out-of-stock alerts before you run dry
• Refill (re-up) reminders timed to your interval

WEIGHT JOURNEY
• Start weight, goal and total change at a glance
• 7-day average and full history
• Metric (kg) or imperial (lb), changeable anytime

CALENDAR & INSIGHTS
• Month view of injections, skips and weigh-ins
• Streaks, adherence and treatment-day stats
• Projected goal date based on your own trend

ON-DEVICE AI COACH (Gemma)
• Ask about nausea, nutrition, titration and habits
• Runs fully offline on your phone — nothing is uploaded
• Knows your stats for personal, relevant answers
• Clear ""AI, not a doctor"" disclaimers; report any answer in one tap

PRIVATE BY DESIGN
• No account, no cloud sync, no analytics
• Health data never leaves your device
• On-device translation in 59 languages

HOME-SCREEN WIDGET
• Next dose, pen stock and latest weight at a glance

Dosely is a tracking utility, not a medical device. It does not provide medical advice, diagnosis or treatment. The AI coach is an automated language model and can make mistakes — always consult a qualified healthcare professional about your medication and health.

Download Dosely free and take control of your GLP-1 journey today."
de-DE,Dosely: GLP-1 & Dosen-Tracker,"Diskreter GLP-1-Tracker: Injektionen, Pen-Vorrat, Gewicht & KI-Coach offline.","Dosely ist ein diskreter Begleiter für deine GLP-1-Reise — Injektionen, Pen-Vorrat, Gewicht und ein KI-Coach, alles auf deinem Telefon.

INJEKTIONS-TRACKING
• Dosen in Sekunden erfassen: Medikament, Dosis (mg), Injektionsort und Notizen
• Auf titration abgestimmte Zeitplan-Vorschläge für Semaglutid, Tirzepatid, Dulaglutid, Liraglutid und CagriSema
• Verpasste Dosen überspringen und den Zeitplan präzise halten

PEN-VORRAT & NACHFÜLL-ERINNERUNGEN
• Pro Injektion wird automatisch ein Pen abgezogen
• Warnungen bei niedrigem oder leerem Vorrat — rechtzeitig vor dem Next-Dose-Termin
• Nachfüll-Erinnerungen passend zu deinem Intervall

GEWICHTSREISE
• Startgewicht, Ziel und Gesamtveränderung auf einen Blick
• 7-Tage-Durchschnitt und vollständiger Verlauf
• Metrisch (kg) oder imperial (lb), jederzeit umstellbar

KALENDER & EINBLICKE
• Monatsansicht von Injektionen, Auslassungen und Wiegetagen
• Serien, Adhärenz und Behandlungsstatistiken
• Voraussichtliches Zieldatum auf Basis deines eigenen Trends

KI-COACH AUF DEM GERÄT (Gemma)
• Fragen zu Übelkeit, Ernährung, Titration und Gewohnheiten
• Läuft vollständig offline — nichts wird hochgeladen
• Kennt deine Werte für persönliche, relevante Antworten
• Klare „KI, kein Arzt""-Hinweise; jede Antwort mit einem Tipp meldbar

PRIVAT VON GRUNDS AUF
• Kein Konto, keine Cloud-Synchronisierung, kein Tracking
• Gesundheitsdaten verlassen dein Gerät nie
• On-Gerät-Übersetzung in 59 Sprachen

HOME-SCREEN-WIDGET
• Nächste Dosis, Pen-Vorrat und letztes Gewicht auf einen Blick

Dosely ist ein Tracking-Werkzeug, kein Medizinprodukt. Es liefert keine medizinischen Ratschläge, Diagnosen oder Behandlungen. Der KI-Coach ist ein automatisches Sprachmodell und kann Fehler machen — besprich Medikamente und Gesundheit immer mit einer qualifizierten Fachkraft.

Lade Dosely kostenlos herunter und übernimm heute die Kontrolle über deine GLP-1-Reise."
fr-FR,Dosely : suivi GLP-1 et doses,"Suivi privé GLP-1 : injections, stylos, poids et coach IA sur l'appareil.","Dosely est un compagnon privé pour votre parcours GLP-1 — injections, stock de stylos, poids et coach IA, tout sur votre téléphone.

SUIVI DES INJECTIONS
• Enregistrez vos doses en quelques secondes : médicament, dose (mg), site d'injection et notes
• Suggestions de calendrier adaptées à la titration : sémaglutide, tirzépatide, dulaglutide, liraglutide et CagriSema
• Marquez les doses manquées et gardez un calendrier exact

STOCK DE STYLOS & RAPPELS DE RENOUVELLEMENT
• Un stylo est déduit automatiquement à chaque injection
• Alertes stock faible ou épuisé avant la panne sèche
• Rappels de renouvellement adaptés à votre intervalle

PARCOURS POIDS
• Poids de départ, objectif et variation totale en un coup d'œil
• Moyenne sur 7 jours et historique complet
• Métrique (kg) ou impérial (lb), modifiable à tout moment

CALENDRIER & ANALYSES
• Vue mensuelle des injections, oublis et pesées
• Séries, observance et statistiques de traitement
• Date d'objectif projetée selon votre propre tendance

COACH IA SUR L'APPAREIL (Gemma)
• Posez vos questions : nausées, nutrition, titration, habitudes
• Fonctionne entièrement hors ligne — rien n'est envoyé
• Connaît vos chiffres pour des réponses personnalisées
• Avertissements clairs « l'IA n'est pas un médecin » ; signalez chaque réponse en un geste

CONFIDENTIALITÉ PAR CONCEPTION
• Aucun compte, aucune synchronisation cloud, aucuneAnalytique
• Vos données de santé ne quittent jamais votre appareil
• Traduction sur l'appareil en 59 langues

WIDGET D'ÉCRAN D'ACCUEIL
• Prochaine dose, stock de stylos et dernier poids en un coup d'œil

Dosely est un outil de suivi, pas un dispositif médical. Il ne fournit aucun conseil, diagnostic ni traitement médical. Le coach IA est un modèle linguistique automatisé qui peut se tromper — consultez toujours un professionnel de santé qualifié.

Téléchargez Dosely gratuitement et prenez le contrôle de votre parcours GLP-1 dès aujourd'hui."
es-ES,Dosely: registro GLP-1 y dosis,"Registro privado GLP-1: inyecciones, plumas, peso y coach IA en el dispositivo.","Dosely es un compañero privado para tu viaje con GLP-1: inyecciones, stock de plumas, peso y un coach de IA, todo en tu teléfono.

REGISTRO DE INYECCIONES
• Registra dosis en segundos: medicamento, dosis (mg), zona de inyección y notas
• Sugerencias de calendario ajustadas a la titulación: semaglutida, tirzepatida, dulaglutida, liraglutida y CagriSema
• Marca dosis omitidas y mantén tu calendario preciso

STOCK DE PLUMAS Y RECORDATORIOS DE REPOSICIÓN
• Se descuenta una pluma automáticamente con cada inyección
• Alertas de stock bajo o agotado antes de quedarte sin plumas
• Recordatorios de reposición según tu intervalo

CAMINO DE PESO
• Peso inicial, objetivo y cambio total de un vistazo
• Media de 7 días e historial completo
• Métrico (kg) o imperial (lb), cambiable en cualquier momento

CALENDARIO Y ANÁLISIS
• Vista mensual de inyecciones, omisiones y pesajes
• Rachas, adherencia y estadísticas del tratamiento
• Fecha objetivo proyectada según tu propia tendencia

COACH DE IA EN EL DISPOSITIVO (Gemma)
• Pregunta sobre náuseas, nutrición, titulación y hábitos
• Funciona totalmente sin conexión: nada se sube a ningún servidor
• Conoce tus datos para dar respuestas personalizadas
• Avisos claros de «la IA no es un médico»; informa de cualquier respuesta con un toque

PRIVACIDAD DESDE EL DISEÑO
• Sin cuentas, sin sincronización en la nube, sin analítica
• Tus datos de salud nunca salen de tu dispositivo
• Traducción en el dispositivo en 59 idiomas

WIDGET DE PANTALLA DE INICIO
• Próxima dosis, stock de plumas y último peso de un vistazo

Dosely es una herramienta de seguimiento, no un dispositivo médico. No ofrece consejos, diagnósticos ni tratamientos médicos. El coach de IA es un modelo de lenguaje automático y puede equivocarse: consulta siempre a un profesional sanitario cualificado.

Descarga Dosely gratis y toma el control de tu viaje GLP-1 hoy mismo."
pt-BR,Dosely: registro GLP-1 e doses,"Registro privado de injeções GLP-1, canetas e peso, com coach de IA no aparelho.","Dosely é um companheiro privado para a sua jornada GLP-1 — injeções, estoque de canetas, peso e um coach de IA, tudo no seu celular.

REGISTRO DE INJEÇÕES
• Registre doses em segundos: medicamento, dose (mg), local da injeção e notas
• Sugestões de cronograma com ajuste de titulação: semaglutida, tirzepatida, dulaglutida, liraglutida e CagriSema
• Marque doses perdidas e mantenha seu cronograma preciso

ESTOQUE DE CANETAS E LEMBRETES DE REPOSIÇÃO
• Uma caneta é deduzida automaticamente a cada injeção
• Alertas de estoque baixo ou zerado antes de ficar sem canetas
• Lembretes de reposição no ritmo do seu intervalo

JORNADA DE PESO
• Peso inicial, meta e mudança total de relance
• Média de 7 dias e histórico completo
• Métrico (kg) ou imperial (lb), mude quando quiser

CALENDÁRIO E INSIGHTS
• Visão mensal de injeções, falhas e pesagens
• Sequências, adesão e estatísticas do tratamento
• Data estimada para a meta com base na sua própria tendência

COACH DE IA NO APARELHO (Gemma)
• Pergunte sobre náusea, nutrição, titulação e hábitos
• Funciona totalmente off-line — nada é enviado para servidores
• Conhece seus números para respostas personalizadas
• Avisos claros de que “IA não é médico”; relate qualquer resposta com um toque

PRIVACIDADE DESDE O DESIGN
• Sem conta, sem sincronização na nuvem, sem análise de dados
• Seus dados de saúde nunca saem do aparelho
• Tradução no aparelho em 59 idiomas

WIDGET DE TELA INICIAL
• Próxima dose, estoque de canetas e último peso de relance

Dosely é uma ferramenta de acompanhamento, não um dispositivo médico. Não fornece orientação, diagnóstico ou tratamento médico. O coach de IA é um modelo de linguagem automatizado e pode errar — consulte sempre um profissional de saúde qualificado.

Baixe o Dosely grátis e assuma o controle da sua jornada GLP-1 hoje."
it-IT,Dosely: registro GLP-1 e dosi,"Registro privato di iniezioni GLP-1, penne e peso, con coach AI sul dispositivo.","Dosely è un compagno privato per il tuo percorso GLP-1: iniezioni, scorta di penne, peso e un coach AI, tutto sul tuo telefono.

REGISTRO DELLE INIEZIONI
• Registra le dosi in pochi secondi: farmaco, dose (mg), sito di iniezione e note
• Suggerimenti di programma orientati alla titolazione: semaglutide, tirzepatide, dulaglutide, liraglutide e CagriSema
• Segna le dosi saltate e mantieni il programma preciso

SCORTA DI PENNE E PROMEMORIA DI RIFORNIMENTO
• Una penna viene scalata automaticamente a ogni iniezione
• Avvisi di scorta bassa o esaurita prima di rimanere a secco
• Promemoria di rifornimento sul ritmo del tuo intervallo

PERCORSO PESO
• Peso iniziale, obiettivo e variazione totale a colpo d'occhio
• Media a 7 giorni e cronologia completa
• Metrico (kg) o imperiale (lb), modificabile in qualsiasi momento

CALENDARIO E STATISTICHE
• Vista mensile di iniezioni, salti e pesate
• Serie, aderenza e statistiche del trattamento
• Data obiettivo prevista in base al tuo andamento

COACH AI SUL DISPOSITIVO (Gemma)
• Chiedi informazioni su nausea, nutrizione, titolazione e abitudini
• Funziona interamente offline: nulla viene caricato online
• Conosce i tuoi numeri per risposte personalizzate
• Avvisi chiari ""l'AI non è un medico""; segnala qualsiasi risposta con un tocco

RISERVATEZZA PER PROGETTAZIONE
• Nessun account, nessuna sincronizzazione cloud, nessuna analisi
• I dati di salute non lasciano mai il tuo dispositivo
• Traduzione sul dispositivo in 59 lingue

WIDGET PER LA SCHERMATA HOME
• Prossima dose, scorta di penne e ultimo peso a colpo d'occhio

Dosely è uno strumento di monitoraggio, non un dispositivo medico. Non fornisce consigli, diagnosi o trattamenti medici. Il coach AI è un modello linguistico automatizzato e può sbagliare: consulta sempre un professionista sanitario qualificato.

Scarica Dosely gratis e prendi il controllo del tuo percorso GLP-1 oggi stesso."
nl-NL,Dosely – GLP-1 injectietracker,"Privé GLP-1-tracker: injecties, penvoorraad, gewicht en AI-coach op je toestel.","Dosely is een private metgezel voor je GLP-1-traject — injecties, penvoorraad, gewicht en een AI-coach, allemaal op je telefoon.

INJECTIEREGISTRATIE
• Log doses in seconden: medicijn, dosis (mg), injectieplek en notities
• Titratiegerichte schema-suggesties voor semaglutide, tirzepatide, dulaglutide, liraglutide en CagriSema
• Markeer overgeslagen doses en houd je schema nauwkeurig

PENVOORRAAD & BIJVULHERINNERINGEN
• Per injectie wordt automatisch een pen afgeschreven
• Waarschuwingen bij lage of lege voorraad — vóór je droog staat
• Bijvulherinneringen in het ritme van jouw interval

GEWICHTSREIS
• Startgewicht, doel en totale verandering in één oogopslag
• 7-daags gemiddelde en volledige geschiedenis
• Metrisch (kg) of imperiaal (lb), altijd wisselbaar

KALENDER & INZICHTEN
• Maandoverzicht van injecties, overslaan en weegmomenten
• Reeksen, therapietrouw en behandelstatistieken
• Verwachte doeldatum op basis van je eigen trend

AI-COACH OP JE TOESTEL (Gemma)
• Vraag naar misselijkheid, voeding, titratie en gewoontes
• Werkt volledig offline — niets wordt geüpload
• Kent jouw cijfers voor persoonlijke, relevante antwoorden
• Duidelijke ""AI is geen arts""-waarschuwingen; meld elk antwoord met één tik

PRIVACY ALS BASIS
• Geen account, geen cloudsynchronisatie, geen analytics
• Gezondheidsgegevens verlaten je toestel nooit
• Vertaling op het toestel in 59 talen

STARTSCHERM-WIDGET
• Volgende dosis, penvoorraad en laatste gewicht in één oogopslag

Dosely is een hulpmiddel om bij te houden, geen medisch hulpmiddel. Het geeft geen medisch advies, diagnose of behandeling. De AI-coach is een automatisch taalmodel en kan fouten maken — overleg altijd met een gekwalificeerde zorgverlener.

Download Dosely gratis en neem vandaag de regie over je GLP-1-traject."
pl-PL,Dosely: tracker GLP-1 i dawek,"Prywatny tracker GLP-1: iniekcje, zapas penów, waga i trener AI na urządzeniu.","Dosely to prywatny towarzysz Twojej drogi z GLP-1 — iniekcje, zapas penów, waga i trener AI, wszystko na Twoim telefonie.

REJESTR INJEKCJI
• Zapisuj dawki w kilka sekund: lek, dawka (mg), miejsce iniekcji i notatki
• Propozycje harmonogramu uwzględniające titrację: semaglutyd, tyrzepatyd, dulaglutyd, liraglutyd i CagriSema
• Oznaczaj pominięte dawki i utrzymuj dokładny harmonogram

ZAPAS PENÓW I PRZYPOMNIENIA O DOKUPIENIU
• Z każdej iniekcji automatycznie odejmowany jest jeden pen
• Alerty o niskim lub pustym zapasie — zanim skończy się pasek
• Przypomnienia o dokupieniu dopasowane do Twojego interwału

PODRÓŻ WAGI
• Waga początkowa, cel i łączna zmiana w pigułce
• Średnia 7-dniowa i pełna historia
• Metryczna (kg) lub imperialna (lb), zmiana w każdej chwili

KALENDARZ I STATYSTYKI
• Widok miesięczny: iniekcje, pominięcia i ważenia
• Serie, regularność i statystyki leczenia
• Przewidywana data celu na podstawie Twojej własnej tendencji

TRENER AI NA URZĄDZENIU (Gemma)
• Pytaj o nudności, odżywianie, titrację i nawyki
• Działa w pełni offline — nic nie jest wysyłane
• Zna Twoje liczby, więc odpowiada osobiście i trafnie
• Jasne zastrzeżenia „AI to nie lekarz""; zgłoś każdą odpowiedź jednym dotknięciem

PRYWATNOŚĆ OD PODSTAW
• Bez konta, bez synchronizacji z chmurą, bez analityki
• Dane zdrowotne nigdy nie opuszczają Twojego urządzenia
• Tłumaczenie na urządzeniu w 59 językach

WIDGET EKRANU GŁÓWNEGO
• Następna dawka, zapas penów i ostatnia waga w pigułce

Dosely to narzędzie do śledzenia, a nie wyrob medyczny. Nie udziela porad medycznych, nie stawia diagnoz ani nie zaleca leczenia. Trener AI to automatyczny model językowy i może się mylić — zawsze konsultuj leki i zdrowie z wykwalifikowanym specjalistą.

Pobierz Dosely za darmo i przejmij sterowanie swoją drogą z GLP-1 już dziś."
tr-TR,Dosely: GLP-1 doz takibi,"Özel GLP-1 enjeksiyonu, kalem stoğu ve kilo takibi; cihazda yapay zekâ koçu ile.","Dosely, GLP-1 yolculuğunuz için özel bir yol arkadaşıdır — enjeksiyonlar, kalem stoğu, kilo ve bir yapay zekâ koçu, hepsi telefonunuzda.

ENJEKSİYON KAYDI
• Dozları saniyeler içinde kaydedin: ilaç, doz (mg), enjeksiyon bölgesi ve notlar
• Titrasyona duyarlı takvim önerileri: semaglutid, tirzepatid, dulaglutid, liraglutid ve CagriSema
• Atlanan dozları işaretleyin ve takviminizi doğru tutun

KALEM STOĞU VE YENİLEME HATIRLATMALARI
• Her enjeksiyonda otomatik olarak bir kalem düşülür
• Stoğun azalması veya bitmesi durumunda erken uyarı
• Aralığınıza göre zamanlanan yenileme hatırlatmaları

KİLO YOLCULUĞU
• Başlangıç kilosu, hedef ve toplam değişim tek bakışta
• 7 günlük ortalama ve tam geçmiş
• Metrik (kg) veya emperyal (lb), istediğiniz an değiştirin

TAKVİM VE İÇGÖRÜLER
• Enjeksiyon, atlama ve tartı günlüklerinin aylık görünümü
• Seriler, uyum ve tedavi istatistikleri
• Kendi eğiliminize göre öngörülen hedef tarihi

CİHAZDA YAPAY ZEKÂ KOÇU (Gemma)
• Bulantı, beslenme, titrasyon ve alışkanlıklar hakkında sorun
• Tamamen çevrimdışı çalışır — hiçbir şey yüklenmez
• Rakamlarınızı bilir; kişisel ve isabetli yanıtlar verir
• ""Yapay zekâ doktor değildir"" uyarıları; her yanıtı tek dokunuşla bildirin

TASARIMDAN GİLEN GİZLİLİK
• Hesap yok, bulut eşitleme yok, analitik yok
• Sağlık verileriniz cihazınızdan asla çıkmaz
• 59 dilde cihazda çeviri

ANA EKRAN WİDGET'I
• Sıradaki doz, kalem stoğu ve son kilo tek bakışta

Dosely bir takip aracıdır, tıbbi cihaz değildir. Tıbbi tavsiye, teşhis veya tedavi sağlamaz. Yapay zekâ koçu otomatik bir dil modelidir ve hata yapabilir — ilaçlarınız ve sağlığınız konusunda her zaman nitelikli bir sağlık profesyoneline danışın.

Dosely'yi ücretsiz indirin ve GLP-1 yolculuğunuzun kontrolünü bugün ele alın."
ru-RU,Dosely: трекер GLP-1 и доз,"Приватный учёт инъекций GLP-1, запаса ручек и веса с ИИ-коучем на устройстве.","Dosely — приватный спутник вашего пути с GLP-1: инъекции, запас ручек, вес и ИИ-коуч, всё на вашем телефоне.

УЧЁТ ИНЪЕКЦИЙ
• Записывайте дозы за секунды: препарат, доза (мг), место инъекции и заметки
• Подсказки графика с учётом титрации: семаглутид, тирзепатид, дулаглутид, лираглутид и CagriSema
• Отмечайте пропущенные дозы и держите график точным

ЗАПАС РУЧЕК И НАПОМИНАНИЯ О ПОПКУПКЕ
• С каждой инъекцией автоматически списывается одна ручка
· Предупреждения о низком и пустом запасе — заранее
• Напоминания о попкупке под ваш интервал

ПУТЬ К ВЕСУ
• Начальный вес, цель и общее изменение на одном экране
• Среднее за 7 дней и полная история
• Метрическая (кг) или имперская (фунты) система — меняется в любой момент

КАЛЕНДАРЬ И АНАЛИТИКА
• Месячный вид инъекций, пропусков и взвешиваний
• Серии, приверженность и статистика лечения
• Прогноз даты цели по вашей собственной динамике

ИИ-КОУЧ НА УСТРОЙСТВЕ (Gemma)
• Спрашивайте о тошноте, питании, титрации и привычках
• Полностью офлайн — ничего не загружается в сеть
• Знает ваши показатели и отвечает персонально
• Чёткие предупреждения «ИИ — не врач»; каждую ответ можно пожаловаться одним касанием

ПРИВАТНОСТЬ НА УРОВНЕ ДИЗАЙНА
• Без аккаунта, без облачной синхронизации, без аналитики
• Данные о здоровье никогда не покидают устройство
• Перевод на устройстве на 59 языков

ВИДЖЕТ НА ГЛАВНЫЙ ЭКРАН
• Следующая доза, запас ручек и последний вес — одним взглядом

Dosely — инструмент для отслеживания, а не медицинское изделие. Он не даёт медицинских советов, диагнозов и назначений. ИИ-коуч — автоматическая языковая модель и может ошибаться. Всегда консультируйтесь с квалифицированным врачом по вопросам лекарств и здоровья.

Скачайте Dosely бесплатно и возьмите свой путь с GLP-1 под контроль уже сегодня."
uk-UA,Dosely: трекер GLP-1 і доз,"Приватний облік ін'єкцій GLP-1, запасу ручок і ваги з ІІ-коучем на пристрої.","Dosely — приватний супутник вашої подорожі з GLP-1: ін'єкції, запас ручок, вага та ІІ-коуч, усе на вашому телефоні.

ОБЛІК ІН'ЄКЦІЙ
• Записуйте дози за секунди: препарат, доза (мг), місце ін'єкції та нотатки
• Підказки графіка з урахуванням титрації: семаглутид, тирзепатид, дулаглутид, ліраглутид і CagriSema
• Позначайте пропущені дози та тримайте графік точним

ЗАПАС РУЧОК І НАГАДУВАННЯ ПРО ДОКУПКУ
• З кожною ін'єкцією автоматично списується одна ручка
• Попередження про низький і порожній запас — заздалегідь
• Нагадування про докупку під ваш інтервал

ШЛЯХ ДО ВАГИ
• Початкова вага, мета та загальна зміна на одному екрані
• Середнє за 7 днів і повна історія
• Метрична (кг) чи імперська (фунти) система — змінюється будь-коли

КАЛЕНДАР І АНАЛІТИКА
• Місячний вигляд ін'єкцій, пропусків і зважувань
• Серії, прихильність та статистика лікування
• Прогноз дати мети за вашою власною динамікою

ІІ-КОУЧ НА ПРИСТРОЇ (Gemma)
• Питайте про нудоту, харчування, титрацію та звички
• Повністю офлайн — нічого не завантажується в мережу
• Знає ваші показники й відповідає персонально
• Чіткі застереження «ІІ — не лікар»; кожну відповідь можна поскаржитися одним дотиком

ПРИВАТНІСТЬ НА РІВНІ ДИЗАЙНУ
• Без акаунта, без хмарної синхронізації, без аналітики
• Дані про здоров'я ніколи не залишають пристрій
• Переклад на пристрої 59 мовами

ВІДЖЕТ НА ГОЛОВНИЙ ЕКРАН
• Наступна доза, запас ручок і остання вага — одним поглядом

Dosely — інструмент для відстеження, а не медичний виріб. Він не дає медичних порад, діагнозів чи призначень. ІІ-коуч — автоматична мовна модель і може помилятися. Завжди консультуйтеся з кваліфікованим лікарем щодо ліків і здоров'я.

Завантажте Dosely безкоштовно і візьміть свою подорож з GLP-1 під контроль уже сьогодні."
ja-JP,Dosely：GLP-1 注射トラッカー,GLP-1注射・ペン在庫・体重をプライベートに記録。端末内AIコーチ付き。,"Doselyは、GLP-1との旅のプライベートな相棒 — 注射、ペンの在庫、体重、AIコーチをすべて端末内で。

注射の記録
• 数秒で投与を記録：薬剤名、用量(mg)、注射部位、メモ
• 滴定に合わせたスケジュール提案（セマグルチド、チルゼパチド、デュラグルチド、リラグルチド、CagriSema）
• 打ち忘れをスキップとして記録し、スケジュールを正確に

ペン在庫と再購入リマインダー
• 注射ごとにペンを1本自動消費
• 在庫不足・在庫切れを事前に警告
• 自分の間隔に合わせた再購入リマインダー

体重の記録
• 開始体重・目標・累計変化をひと目で
• 7日平均と全履歴
• メートル法(kg)・ポンド(lb)をいつでも切替

カレンダーとインサイト
• 注射・スキップ・測定の月間ビュー
• 連続記録・アドヒアランス・治療統計
• あなたの傾向から目標達成日を予測

端末内AIコーチ（Gemma）
• 吐き気・栄養・滴定・習慣について質問
• 完全オフラインで動作 — 何もアップロードされません
• あなたの数値を把握し、パーソナルな回答
• 「AIは医師ではありません」の注意書き付き。回答はワンタップで報告可能

プライバシー第一設計
• アカウント不要・クラウド同期なし・アナリティクスなし
• 健康データは端末の外に出ません
• 59言語の端末内翻訳

ホーム画面ウィジェット
• 次の投与・ペン在庫・最新体重をひと目で

Doselyは記録ツールであり、医療機器ではありません。医学的助言・診断・治療は行いません。AIコーチは自動言語モデルであり、誤ることがあります。薬や健康のことについては、必ず資格のある医療専門家にご相談ください。

今すぐDoselyを無料でダウンロードして、GLP-1との旅を自分の手に。"
ko-KR,Dosely: GLP-1 주사 트래커,"GLP-1 주사, 펜 재고, 체중을 프라이빗하게 기록. 기기 내 AI 코치 포함.","Dosely는 GLP-1 여정의 프라이빗한 동반자입니다 — 주사, 펜 재고, 체중, AI 코치까지 모두 휴대폰 안에서.

주사 기록
• 몇 초 만에 투여 기록: 약물, 용량(mg), 주사 부위, 메모
• 적정화(titration)에 맞춘 일정 제안: 세마글루타이드, 티르제파타이드, 듀라글루타이드, 리라글루타이드, CagriSema
• 놓친 투여를 건너뛰기로 표시하고 일정을 정확하게

펜 재고 및 리필 알림
• 주사할 때마다 펜 1개가 자동 차감
• 재고 부족·소진 전 미리 알림
• 내 간격에 맞춘 리필 알림

체중 여정
• 시작 체중, 목표, 총 변화를 한눈에
• 7일 평균과 전체 기록
• 미터법(kg)·파운드(lb) 언제든 전환

캘린더 및 인사이트
• 주사, 건너뜀, 체중 측정의 월간 보기
• 연속 기록, 복용 순응도, 치료 통계
• 나의 추세를 기반으로 한 목표 달성일 예측

기기 내 AI 코치 (Gemma)
• 메스꺼움, 영양, 적정화, 습관에 대해 질문
• 완전 오프라인 작동 — 아무것도 업로드되지 않습니다
• 내 수치를 알아 개인화된 답변 제공
• “AI는 의사가 아닙니다” 고지 표시. 답변을 한 번의 탭으로 신고 가능

설계부터 프라이버시
• 계정 없음, 클라우드 동기화 없음, 분석 도구 없음
• 건강 데이터는 절대 기기를 벗어나지 않습니다
• 59개 언어 기기 내 번역

홈 화면 위젯
• 다음 투여, 펜 재고, 최근 체중을 한눈에

Dosely는 기록 도구이며 의료기기가 아닙니다. 의학적 조언, 진단, 치료를 제공하지 않습니다. AI 코치는 자동 언어 모델이며 실수할 수 있습니다. 약물과 건강 관련 사항은 반드시 자격을 갖춘 의료 전문가와 상의하세요.

지금 Dosely를 무료로 다운로드하고 GLP-1 여정을 직접 관리하세요."
zh-CN,Dosely：GLP-1 注射记录,私密记录 GLP-1 注射、笔芯库存与体重，内置设备端 AI 教练。,"Dosely 是你 GLP-1 之旅的私密伙伴 —— 注射、笔芯库存、体重与 AI 教练，一切都在你的手机上。

注射记录
• 数秒内记录剂量：药物、剂量(mg)、注射部位与备注
• 适配滴定方案的日程建议：司美格鲁肽、替尔泊肽、度拉糖肽、利拉鲁肽与 CagriSema
• 标记遗漏剂量，保持日程准确

笔芯库存与补货提醒
• 每次注射自动扣减一支笔
• 库存不足或用尽时提前预警
• 按你的间隔定制的补货提醒

体重旅程
• 起始体重、目标与总变化一目了然
• 7 天平均值与完整历史
• 公斤(kg)或磅(lb)，随时切换

日历与洞察
• 注射、跳过与称重的月度视图
• 连续记录、依从性与治疗统计
• 基于你自身趋势预测达成目标的日期

设备端 AI 教练（Gemma）
• 询问恶心、营养、滴定与生活习惯
• 完全离线运行 —— 任何数据都不会上传
• 了解你的数据，给出个性化回答
• 清晰标注「AI 不是医生」；一键即可举报任何回答

隐私优先设计
• 无账号、无云同步、无统计分析
• 健康数据永不离开你的设备
• 59 种语言的设备端翻译

主屏幕小组件
• 下次剂量、笔芯库存与最新体重，一眼可见

Dosely 是记录工具，不是医疗器械。它不提供医疗建议、诊断或治疗。AI 教练是自动化语言模型，可能出错 —— 关于用药与健康，请务必咨询合格的专业医疗人员。

立即免费下载 Dosely，掌控你的 GLP-1 之旅。"
id-ID,Dosely: pelacak GLP-1 & dosis,"Pelacak privat GLP-1: injeksi, stok pena, berat & pelatih AI di perangkat.","Dosely adalah pendamping privat untuk perjalanan GLP-1 Anda — injeksi, stok pena, berat badan, dan pelatih AI, semuanya di ponsel Anda.

PENCATATAN INJEKSI
• Catat dosis dalam hitungan detik: obat, dosis (mg), lokasi injeksi, dan catatan
• Saran jadwal yang memperhitungkan titrasi: semaglutida, tirzepatida, dulaglutida, liraglutida, dan CagriSema
• Tandai dosis yang terlewat agar jadwal tetap akurat

STOK PENA & PENGINGAT ISI ULANG
• Satu pena otomatis dikurangi setiap injeksi
• Peringatan stok menipis atau habis sebelum kehabisan
• Pengingat isi ulang sesuai interval Anda

PERJALANAN BERAT BADAN
• Berat awal, target, dan total perubahan dalam sekali lihat
• Rata-rata 7 hari dan riwayat lengkap
• Metrik (kg) atau imperial (lb), bisa diganti kapan saja

KALENDER & WAWASAN
• Tampilan bulanan injeksi, yang terlewat, dan penimbangan
• Rangkaian, kepatuhan, dan statistik perawatan
• Perkiraan tanggal target berdasarkan tren Anda sendiri

PELATIH AI DI PERANGKAT (Gemma)
• Tanyakan tentang mual, nutrisi, titrasi, dan kebiasaan
• Bekerja sepenuhnya offline — tidak ada yang diunggah
• Mengenal angka-angka Anda untuk jawaban yang personal
• Penjelasan jelas bahwa ""AI bukan dokter""; laporkan jawaban apa pun sekali ketuk

PRIVASI SEJAK DESAIN
• Tanpa akun, tanpa sinkronisasi awan, tanpa analitik
• Data kesehatan tidak pernah meninggalkan perangkat Anda
• Terjemahan di perangkat dalam 59 bahasa

WIDGET LAYAR UTAMA
• Dosis berikutnya, stok pena, dan berat terbaru dalam sekali lihat

Dosely adalah alat pencatat, bukan alat medis. Tidak memberikan saran, diagnosis, atau pengobatan medis. Pelatih AI adalah model bahasa otomatis dan bisa salah — selalu konsultasikan obat dan kesehatan Anda dengan tenaga medis profesional.

Unduh Dosely gratis dan kendalikan perjalanan GLP-1 Anda mulai hari ini."
hi-IN,Dosely: GLP-1 इंजेक्शन ट्रैकर,"GLP-1 इंजेक्शन, पेन स्टॉक और वज़न का प्राइवेट रिकॉर्ड, डिवाइस पर AI कोच के साथ।","Dosely आपकी GLP-1 यात्रा का एक प्राइवेट साथी है — इंजेक्शन, पेन स्टॉक, वज़न और AI कोच, सब आपके फ़ोन पर।

इंजेक्शन ट्रैकिंग
• कुछ सेकंड में डोज़ दर्ज करें: दवा, खुराक (mg), इंजेक्शन साइट और नोट्स
• टिट्रेशन के अनुसार शेड्यूल सुझाव: सेमाग्लूटाइड, टिर्ज़ेपेटाइड, डुलाग्लूटाइड, लिराग्लूटाइड और CagriSema
• छूटे हुए डोज़ दर्ज करें और शेड्यूल सटीक रखें

पेन स्टॉक और री-अप रिमाइंडर
• हर इंजेक्शन के साथ एक पेन अपने आप कट जाता है
• स्टॉक कम या खत्म होने से पहले चेतावनी
• आपके अंतराल के हिसाब से री-अप रिमाइंडर

वज़न यात्रा
• शुरुआती वज़न, लक्ष्य और कुल बदलाव एक नज़र में
• 7-दिन का औसत और पूरा इतिहास
• मीट्रिक (kg) या इंपीरियल (lb), कभी भी बदलें

कैलेंडर और इनसाइट्स
• इंजेक्शन, छूट और वी-इन का मासिक व्यू
• स्ट्रीक, एडिहीरेंस और इलाज के आँकड़े
• आपके अपने रुझान से लक्ष्य-तिथि का अनुमान

डिवाइस पर AI कोच (Gemma)
• मतली, पोषण, टिट्रेशन और आदतों के बारे में पूछें
• पूरी तरह ऑफ़लाइन चलता है — कुछ भी अपलोड नहीं होता
• आपके आँकड़े जानता है, इसलिए जवाब पर्सनल होते हैं
• साफ़ चेतावनी कि ""AI डॉक्टर नहीं है""; किसी भी जवाब को एक टैप में रिपोर्ट करें

डिज़ाइन से ही प्राइवेसी
• कोई अकाउंट नहीं, कोई क्लाउड सिंक नहीं, कोई एनालिटिक्स नहीं
• स्वास्थ्य डेटा कभी आपके डिवाइस से बाहर नहीं जाता
• 59 भाषाओं में डिवाइस पर अनुवाद

होम-स्क्रीन विजेट
• अगली डोज़, पेन स्टॉक और ताज़ा वज़न एक नज़र में

Dosely एक ट्रैकिंग टूल है, कोई मेडिकल डिवाइस नहीं। यह चिकित्सा सलाह, निदान या इलाज नहीं देता। AI कोच एक स्वचालित भाषा मॉडल है और ग़लती कर सकता है — दवा और स्वास्थ्य के मामलों में हमेशा योग्य डॉक्टर से सलाह लें।

Dosely अभी मुफ़्त डाउनलोड करें और अपनी GLP-1 यात्रा की बागडोर आज संभालें।"
ar-XA,Dosely: متتبع GLP-1 والحقن,تسجيل خاص لحقن GLP-1 ومخزون الأقلام والوزن مع مدرب ذكاء اصطناعي على الجهاز.,"Dosely رفيقك الخاص في رحلة GLP-1 — الحقن ومخزون الأقلام والوزن ومدرب ذكاء اصطناعي، كل ذلك على هاتفك.

تتبع الحقن
• سجّل الجرعات في ثوانٍ: الدواء والجرعة (ملغ) وموقع الحقن والملاحظات
• اقتراحات جدول تراعي المعايرة: سيماغلوتيد وتيرزيباتيد ودولاغلوتيد وليراغلوتيد وCagriSema
• علّم الجرعات الفائتة وأبقِ جدولك دقيقاً

مخزون الأقلام وتذكيرات إعادة الشراء
• يُخصم قلم تلقائياً مع كل حقنة
• تنبيهات قبل نفاد المخزون أو انخفاضه — مسبقاً
• تذكيرات إعادة شراء وفقاً لفاصلك الزمني

رحلة الوزن
• الوزن الابتدائي والهدف والتغير الكلي في نظرة واحدة
• متوسط 7 يوماً وسجل كامل
• النظام المتري (كجم) أو الإمبراطوري (رطل) — بدّل متى شئت

التقويم والرؤى
• عرض شهري للحقن والفوات والوزن
• السلاسل والالتزام وإحصاءات العلاج
• تاريخ هدف متوقع بناءً على اتجاهك أنت

مدرب ذكاء اصطناعي على الجهاز (Gemma)
• اسأل عن الغثيان والتغذية والمعايرة والعادات
• يعمل دون اتصال بالكامل — لا يُرفع أي شيء
• يعرف أرقامك فيجيب بشكل شخصي
• تنبيهات واضحة بأن «الذكاء الاصطناعي ليس طبيباً»؛ أبلغ عن أي إجابة بلمسة واحدة

الخصوصية منذ التصميم
• بلا حساب وبلا مزامنة سحابية وبلا تحليلات
• بيانات صحتك لا تغادر جهازك أبداً
• ترجمة على الجهاز بـ59 لغة

أداة الشاشة الرئيسية
• الجرعة القادمة ومخزون الأقلام وآخر وزن في نظرة

Dosely أداة تتبع وليست جهازاً طبياً. لا تقدم نصائح أو تشخيصات أو علاجاً طبياً. المدرب هو نموذج لغوي آلي قد يخطئ — استشر دائماً مختصاً مؤهلاً في شأن أدويتك وصحتك.

نزّل Dosely مجاناً وسيطر على رحلة GLP-1 الخاصة بك اليوم."
